Commune,Taux d'incidence,Taux de positivité
Pagny-le-Château (21),250 à 500,30 et plus
Saint-Andeux (21),0 à 10,1 à 5
Lamargelle (21),0 à 10,0 à 1
Chaudenay-la-Ville (21),20 à 50,15 à 20
Marcheseuil (21),0 à 10,0 à 1
Bévy (21),10 à 20,1 à 5
Ébaty (21),1000 et plus,30 et plus
Villars-lès-Blamont (25),500 à 1000,10 à 15
Aisy-sous-Thil (21),250 à 500,30 et plus
Verrey-sous-Drée (21),0 à 10,0 à 1
Painblanc (21),20 à 50,1 à 5
Pouilly-sur-Saône (21),250 à 500,30 et plus
Ternant (21),20 à 50,0 à 1
Colombier (21),20 à 50,1 à 5
Villebichot (21),0 à 10,0 à 1
Châtellenot (21),0 à 10,0 à 1
Villars-sous-Écot (25),250 à 500,25 à 30
Bissey-la-Côte (21),0 à 10,1 à 5
Arcey (21),0 à 10,5 à 10
Vignoles (21),1000 et plus,25 à 30
Norges-la-Ville (21),0 à 10,0 à 1
Beurey-Bauguay (21),1000 et plus,25 à 30
Savigny-sous-Mâlain (21),0 à 10,0 à 1
Neuchâtel-Urtière (25),20 à 50,1 à 5
Meilly-sur-Rouvres (21),0 à 10,0 à 1
Bellenod-sur-Seine (21),0 à 10,0 à 1
Sainte-Sabine (21),500 à 1000,30 et plus
Bussières (21),0 à 10,10 à 15
Riel-les-Eaux (21),0 à 10,5 à 10
Meslières (25),20 à 50,1 à 5
Broindon (21),10 à 20,1 à 5
Marcilly-Ogny (21),0 à 10,0 à 1
Foncegrive (21),0 à 10,0 à 1
Villiers-en-Morvan (21),0 à 10,0 à 1
Samerey (21),10 à 20,10 à 15
Nan-sous-Thil (21),0 à 10,0 à 1
Autricourt (21),0 à 10,0 à 1
Bouze-lès-Beaune (21),10 à 20,0 à 1
Thoisy-la-Berchère (21),500 à 1000,30 et plus
Diénay (21),0 à 10,0 à 1
Villecomte (21),0 à 10,0 à 1
Aloxe-Corton (21),50 à 150,30 et plus
Saulx-le-Duc (21),0 à 10,1 à 5
Corgengoux (21),500 à 1000,30 et plus
Magnien (21),0 à 10,0 à 1
Brazey-en-Morvan (21),0 à 10,0 à 1
Merceuil (21),0 à 10,0 à 1
Vianges (21),0 à 10,0 à 1
Les Goulles (21),0 à 10,0 à 1
Corpeau (21),50 à 150,5 à 10
Rouvray (21),1000 et plus,30 et plus
Maligny (21),0 à 10,0 à 1
Vougeot (21),0 à 10,5 à 10
Saint-Mesmin (21),0 à 10,5 à 10
Aubigny-la-Ronce (21),20 à 50,1 à 5
Vandoncourt (25),150 à 250,10 à 15
Prenois (21),0 à 10,0 à 1
Étaules (21),250 à 500,5 à 10
Goux-lès-Dambelin (25),500 à 1000,20 à 25
Vieux-Château (21),0 à 10,0 à 1
Sussey (21),0 à 10,0 à 1
Noidan (21),0 à 10,0 à 1
Thoires (21),0 à 10,5 à 10
La Bussière-sur-Ouche (21),20 à 50,1 à 5
Écurcey (25),1000 et plus,30 et plus
Chevannes (21),10 à 20,0 à 1
Semarey (21),0 à 10,0 à 1
Époisses (21),0 à 10,0 à 1
Censerey (21),500 à 1000,10 à 15
Beaulieu (21),0 à 10,0 à 1
Balot (21),0 à 10,0 à 1
Épernay-sous-Gevrey (21),20 à 50,1 à 5
Molesme (21),0 à 10,0 à 1
Auvillars-sur-Saône (21),0 à 10,0 à 1
Courtivron (21),0 à 10,0 à 1
Saint-Symphorien-sur-Saône (21),10 à 20,1 à 5
Bellefond (21),0 à 10,0 à 1
Auxey-Duresses (21),0 à 10,0 à 1
Vic-sous-Thil (21),0 à 10,0 à 1
Rouvres-sous-Meilly (21),0 à 10,0 à 1
Vaux-Saules (21),0 à 10,0 à 1
Boncourt-le-Bois (21),0 à 10,0 à 1
Juillenay (21),0 à 10,5 à 10
Aubaine (21),1000 et plus,30 et plus
Vieilmoulin (21),0 à 10,0 à 1
Épagny (21),250 à 500,30 et plus
Bondeval (25),250 à 500,30 et plus
Gergueil (21),0 à 10,0 à 1
Cussy-la-Colonne (21),20 à 50,5 à 10
Antigny-la-Ville (21),500 à 1000,30 et plus
Boudreville (21),0 à 10,0 à 1
Moloy (21),0 à 10,0 à 1
Chamb½uf (21),250 à 500,20 à 25
Salives (21),0 à 10,0 à 1
Veuxhaulles-sur-Aube (21),0 à 10,1 à 5
Chorey-les-Beaune (21),250 à 500,25 à 30
Martrois (21),0 à 10,0 à 1
Champagny (21),0 à 10,0 à 1
Lacanche (21),0 à 10,0 à 1
Saulieu (21),250 à 500,10 à 15
Civry-en-Montagne (21),0 à 10,0 à 1
Verdonnet (21),0 à 10,1 à 5
Bessey-la-Cour (21),50 à 150,1 à 5
Glanon (21),1000 et plus,30 et plus
Esbarres (21),150 à 250,20 à 25
Blaisy-Haut (21),0 à 10,0 à 1
Châteauneuf (21),0 à 10,0 à 1
Missery (21),0 à 10,0 à 1
Hauteville-lès-Dijon (21),250 à 500,15 à 20
Lacour-d'Arcenay (21),0 à 10,0 à 1
Charigny (21),10 à 20,25 à 30
Genay (21),20 à 50,1 à 5
Poncey-sur-l'Ignon (21),0 à 10,0 à 1
Levernois (21),20 à 50,1 à 5
Lamarche-sur-Saône (21),250 à 500,30 et plus
Arcenant (21),500 à 1000,30 et plus
Grosbois-lès-Tichey (21),0 à 10,1 à 5
Mont-Saint-Jean (21),0 à 10,0 à 1
Mavilly-Mandelot (21),0 à 10,0 à 1
Taillecourt (25),150 à 250,5 à 10
Savigny-lès-Beaune (21),250 à 500,15 à 20
Duesme (21),0 à 10,0 à 1
Darois (21),250 à 500,20 à 25
Baulme-la-Roche (21),0 à 10,0 à 1
Courcelles-lès-Semur (21),500 à 1000,30 et plus
Frénois (21),0 à 10,0 à 1
Combertault (21),10 à 20,1 à 5
Sainte-Marie-la-Blanche (21),10 à 20,1 à 5
Premeaux-Prissey (21),0 à 10,0 à 1
Chailly-sur-Armançon (21),250 à 500,15 à 20
Chambolle-Musigny (21),10 à 20,1 à 5
Louesme (21),0 à 10,0 à 1
Source-Seine (21),0 à 10,0 à 1
Turcey (21),500 à 1000,20 à 25
Marcigny-sous-Thil (21),0 à 10,1 à 5
Courlon (21),0 à 10,5 à 10
Bellenot-sous-Pouilly (21),1000 et plus,30 et plus
Badevel (25),500 à 1000,30 et plus
Poiseul-la-Grange (21),0 à 10,0 à 1
Écot (25),500 à 1000,30 et plus
Curtil-Vergy (21),20 à 50,0 à 1
Saint-Anthot (21),0 à 10,5 à 10
Saussey (21),20 à 50,1 à 5
Chaudenay-le-Château (21),20 à 50,25 à 30
Quemigny-sur-Seine (21),0 à 10,0 à 1
Montot (21),10 à 20,0 à 1
Magny-la-Ville (21),10 à 20,25 à 30
Avot (21),500 à 1000,30 et plus
Ménessaire (21),0 à 10,0 à 1
Chaignay (21),500 à 1000,30 et plus
Messanges (21),250 à 500,10 à 15
Labruyère (21),0 à 10,0 à 1
Sainte-Marie-sur-Ouche (21),0 à 10,0 à 1
Clomot (21),500 à 1000,30 et plus
Corcelles-lès-Cîteaux (21),50 à 150,5 à 10
Corgoloin (21),50 à 150,5 à 10
Sainte-Marie (25),500 à 1000,25 à 30
Drée (21),0 à 10,5 à 10
Gevrolles (21),0 à 10,0 à 1
Villars-Fontaine (21),0 à 10,0 à 1
Liernais (21),150 à 250,10 à 15
Mandeure (25),250 à 500,10 à 15
Longecourt-lès-Culêtre (21),0 à 10,1 à 5
Lantilly (21),20 à 50,1 à 5
Culètre (21),0 à 10,0 à 1
Saussy (21),20 à 50,1 à 5
Pagny-la-Ville (21),250 à 500,25 à 30
Champrenault (21),0 à 10,0 à 1
Viévy (21),250 à 500,10 à 15
Vic-des-Prés (21),20 à 50,1 à 5
Voudenay (21),0 à 10,0 à 1
Semezanges (21),20 à 50,30 et plus
Santosse (21),20 à 50,20 à 25
Corberon (21),0 à 10,0 à 1
Cussy-le-Châtel (21),0 à 10,0 à 1
Saulon-la-Rue (21),0 à 10,0 à 1
Bouix (21),0 à 10,0 à 1
Dannemarie (25),20 à 50,15 à 20
Jeux-lès-Bard (21),0 à 10,0 à 1
Origny (21),0 à 10,0 à 1
Bussy-la-Pesle (21),0 à 10,0 à 1
Échevannes (21),500 à 1000,30 et plus
Dompierre-en-Morvan (21),0 à 10,0 à 1
Issans (25),50 à 150,1 à 5
Le Val-Larrey (21),500 à 1000,30 et plus
Villedieu (21),0 à 10,0 à 1
Aignay-le-Duc (21),500 à 1000,25 à 30
Sacquenay (21),0 à 10,0 à 1
Berche (25),150 à 250,10 à 15
Trugny (21),0 à 10,0 à 1
Fontangy (21),0 à 10,0 à 1
Forléans (21),0 à 10,0 à 1
Antheuil (21),20 à 50,1 à 5
Manlay (21),500 à 1000,15 à 20
Grosbois-en-Montagne (21),0 à 10,0 à 1
Molinot (21),20 à 50,1 à 5
Musigny (21),0 à 10,1 à 5
Pasques (21),0 à 10,0 à 1
Braux (21),0 à 10,0 à 1
Monthelie (21),500 à 1000,30 et plus
Chazeuil (21),0 à 10,0 à 1
La Motte-Ternant (21),0 à 10,1 à 5
Lechâtelet (21),0 à 10,0 à 1
Cormot-Vauchignon (21),20 à 50,1 à 5
Saint-Germain-de-Modéon (21),0 à 10,0 à 1
Éguilly (21),0 à 10,0 à 1
Échannay (21),0 à 10,0 à 1
Vosne-Romanée (21),0 à 10,0 à 1
Précy-sous-Thil (21),0 à 10,0 à 1
Saint-Hélier (21),0 à 10,0 à 1
Trouhans (21),10 à 20,1 à 5
Fraignot-et-Vesvrotte (21),0 à 10,0 à 1
Pommard (21),0 à 10,0 à 1
Roilly (21),0 à 10,0 à 1
La Chaume (21),0 à 10,1 à 5
Arnay-le-Duc (21),50 à 150,10 à 15
Valforêt (21),500 à 1000,30 et plus
Lods (25),0 à 10,0 à 1
Saint-Philibert (21),250 à 500,15 à 20
Avelanges (21),0 à 10,1 à 5
Bissey-la-Pierre (21),0 à 10,1 à 5
Trouhaut (21),0 à 10,0 à 1
Segrois (21),20 à 50,30 et plus
Torcy-et-Pouligny (21),250 à 500,20 à 25
Commarin (21),0 à 10,0 à 1
Blancey (21),0 à 10,0 à 1
Hérimoncourt (25),250 à 500,15 à 20
Souhey (21),1000 et plus,15 à 20
Tailly (21),0 à 10,0 à 1
Salmaise (21),0 à 10,0 à 1
Glay (25),20 à 50,1 à 5
Bard-le-Régulier (21),1000 et plus,30 et plus
Mimeure (21),0 à 10,0 à 1
Savilly (21),0 à 10,0 à 1
Maconge (21),0 à 10,0 à 1
Verrey-sous-Salmaise (21),0 à 10,0 à 1
Saint-Aubin (21),0 à 10,0 à 1
Curtil-Saint-Seine (21),20 à 50,1 à 5
Messigny-et-Vantoux (21),50 à 150,5 à 10
Val-Suzon (21),10 à 20,0 à 1
Nantoux (21),0 à 10,5 à 10
Échenon (21),250 à 500,20 à 25
Meursanges (21),10 à 20,1 à 5
Léry (21),0 à 10,0 à 1
Crécey-sur-Tille (21),0 à 10,0 à 1
Bart (25),500 à 1000,25 à 30
Dasle (25),50 à 150,5 à 10
Marey-lès-Fussey (21),0 à 10,0 à 1
Thoste (21),0 à 10,0 à 1
Le Fête (21),0 à 10,1 à 5
Roches-lès-Blamont (25),1000 et plus,15 à 20
La Roche-en-Brenil (21),50 à 150,1 à 5
Saint-Prix-lès-Arnay (21),0 à 10,0 à 1
Busseaut (21),0 à 10,0 à 1
Montigny-Saint-Barthélemy (21),0 à 10,1 à 5
Saint-Pierre-en-Vaux (21),0 à 10,0 à 1
Chazilly (21),0 à 10,0 à 1
Larrey (21),0 à 10,0 à 1
Channay (21),1000 et plus,30 et plus
Laperrière-sur-Saône (21),150 à 250,20 à 25
Nicey (21),0 à 10,1 à 5
Minot (21),0 à 10,0 à 1
Francheville (21),0 à 10,0 à 1
Saint-Romain (21),500 à 1000,30 et plus
Rochefort-sur-Brévon (21),0 à 10,0 à 1
Meulson (21),0 à 10,0 à 1
Villars-et-Villenotte (21),20 à 50,1 à 5
Vertault (21),0 à 10,1 à 5
Jallanges (21),1000 et plus,30 et plus
Thoisy-le-Désert (21),0 à 10,0 à 1
Santenay (21),0 à 10,0 à 1
Molphey (21),0 à 10,1 à 5
Bouhey (21),20 à 50,0 à 1
Chevannay (21),0 à 10,5 à 10
Chevigny-en-Valière (21),500 à 1000,25 à 30
Thorey-sur-Ouche (21),20 à 50,1 à 5
Bousselange (21),0 à 10,1 à 5
Vernois-lès-Vesvres (21),0 à 10,0 à 1
Blanot (21),0 à 10,0 à 1
Lantenay (21),0 à 10,0 à 1
Brianny (21),0 à 10,0 à 1
Barjon (21),0 à 10,0 à 1
Écutigny (21),1000 et plus,30 et plus
Morey-Saint-Denis (21),20 à 50,1 à 5
Busserotte-et-Montenaille (21),0 à 10,10 à 15
Saint-Euphrône (21),20 à 50,1 à 5
Crugey (21),20 à 50,1 à 5
Marigny-lès-Reullée (21),10 à 20,1 à 5
Pellerey (21),0 à 10,0 à 1
Barbirey-sur-Ouche (21),0 à 10,0 à 1
Juilly (21),0 à 10,1 à 5
Aubigny-lès-Sombernon (21),1000 et plus,20 à 25
Pont-et-Massène (21),20 à 50,1 à 5
Courban (21),0 à 10,0 à 1
Saint-Usage (21),250 à 500,10 à 15
Montberthault (21),0 à 10,0 à 1
Vic-de-Chassenay (21),250 à 500,30 et plus
Arconcey (21),0 à 10,0 à 1
Cussey-les-Forges (21),500 à 1000,30 et plus
Volnay (21),1000 et plus,30 et plus
Auxant (21),20 à 50,10 à 15
Grancey-le-Château-Neuvelle (21),0 à 10,0 à 1
Fussey (21),0 à 10,0 à 1
Agencourt (21),150 à 250,20 à 25
Collonges-lès-Bévy (21),20 à 50,1 à 5
Bretigny (21),0 à 10,0 à 1
Champignolles (21),0 à 10,1 à 5
Grancey-sur-Ource (21),0 à 10,0 à 1
Échalot (21),0 à 10,0 à 1
Panges (21),0 à 10,0 à 1
Chanceaux (21),250 à 500,20 à 25
Villey-sur-Tille (21),0 à 10,0 à 1
Puligny-Montrachet (21),0 à 10,0 à 1
Griselles (21),0 à 10,1 à 5
Agey (21),500 à 1000,30 et plus
Belan-sur-Ource (21),0 à 10,0 à 1
Saint-Martin-de-la-Mer (21),0 à 10,0 à 1
Thomirey (21),20 à 50,1 à 5
Poinçon-lès-Larrey (21),0 à 10,0 à 1
Corrombles (21),250 à 500,15 à 20
Le Meix (21),0 à 10,5 à 10
Dampierre-sur-le-Doubs (25),150 à 250,5 à 10
Massingy-lès-Semur (21),10 à 20,15 à 20
Courcelles-Frémoy (21),0 à 10,0 à 1
Charrey-sur-Saône (21),10 à 20,1 à 5
Sincey-lès-Rouvray (21),0 à 10,0 à 1
Chamblanc (21),0 à 10,0 à 1
Veilly (21),20 à 50,10 à 15
Moitron (21),0 à 10,1 à 5
Brion-sur-Ource (21),0 à 10,0 à 1
Toutry (21),250 à 500,25 à 30
Pichanges (21),0 à 10,0 à 1
Remilly-en-Montagne (21),1000 et plus,30 et plus
Val-Mont (21),20 à 50,1 à 5
Orville (21),0 à 10,0 à 1
Meloisey (21),0 à 10,0 à 1
Nesle-et-Massoult (21),0 à 10,1 à 5
Meursault (21),50 à 150,5 à 10
Montceau-et-Écharnant (21),500 à 1000,30 et plus
Dambelin (25),250 à 500,20 à 25
Montlay-en-Auxois (21),0 à 10,0 à 1
Dampierre-les-Bois (25),50 à 150,5 à 10
Flacey (21),0 à 10,0 à 1
Thury (21),250 à 500,15 à 20
Bard-lès-Époisses (21),0 à 10,0 à 1
Mesmont (21),0 à 10,0 à 1
Cérilly (21),500 à 1000,25 à 30
Villotte-Saint-Seine (21),0 à 10,0 à 1
Montagny-lès-Seurre (21),0 à 10,0 à 1
Ruffey-lès-Beaune (21),250 à 500,15 à 20
Prâlon (21),1000 et plus,30 et plus
Normier (21),0 à 10,0 à 1
Savouges (21),500 à 1000,30 et plus
Foissy (21),0 à 10,0 à 1
Saint-Germain-le-Rocheux (21),0 à 10,0 à 1
Franxault (21),150 à 250,10 à 15
Magny-lès-Aubigny (21),10 à 20,1 à 5
Pierrefontaine-lès-Blamont (25),250 à 500,15 à 20
Corsaint (21),0 à 10,0 à 1
Curley (21),20 à 50,1 à 5
Détain-et-Bruant (21),20 à 50,1 à 5
Laissey (25),0 à 10,0 à 1
Saint-Seine-l'Abbaye (21),0 à 10,0 à 1
Montmain (21),0 à 10,0 à 1
Bligny-le-Sec (21),0 à 10,0 à 1
Autechaux-Roide (25),20 à 50,1 à 5
Fontaines-les-Sèches (21),0 à 10,1 à 5
Tarsul (21),0 à 10,0 à 1
Labergement-lès-Seurre (21),250 à 500,15 à 20
Boussenois (21),0 à 10,1 à 5
Bagnot (21),0 à 10,0 à 1
Lignerolles (21),0 à 10,0 à 1
Vandenesse-en-Auxois (21),500 à 1000,20 à 25
Diancey (21),0 à 10,0 à 1
Chaumont-le-Bois (21),0 à 10,0 à 1
Izier (21),50 à 150,10 à 15
Puits (21),0 à 10,0 à 1
Beire-le-Fort (21),500 à 1000,30 et plus
Chemin-d'Aisey (21),0 à 10,0 à 1
Bessey-lès-Cîteaux (21),250 à 500,30 et plus
Flavignerot (21),0 à 10,0 à 1
Bief (25),50 à 150,20 à 25
Marliens (21),150 à 250,5 à 10
Chamesson (21),0 à 10,0 à 1
Labergement-Foigney (21),0 à 10,0 à 1
Chambeire (21),0 à 10,0 à 1
Soirans (21),0 à 10,0 à 1
Maisey-le-Duc (21),0 à 10,0 à 1
Tart-le-Bas (21),0 à 10,0 à 1
Montjoie-le-Château (25),50 à 150,20 à 25
Saint-Julien-lès-Montbéliard (25),50 à 150,1 à 5
Corcelles-les-Monts (21),250 à 500,30 et plus
Nod-sur-Seine (21),0 à 10,0 à 1
Brognard (25),150 à 250,10 à 15
Varanges (21),50 à 150,20 à 25
Izeure (21),50 à 150,5 à 10
Cessey-sur-Tille (21),250 à 500,25 à 30
Noirefontaine (25),50 à 150,5 à 10
Dambenois (25),10 à 20,1 à 5
Présentevillers (25),250 à 500,15 à 20
Fleurey (25),50 à 150,15 à 20
Bretenière (21),500 à 1000,30 et plus
Collonges-et-Premières (21),0 à 10,0 à 1
Obtrée (21),0 à 10,0 à 1
Échigey (21),0 à 10,10 à 15
Villars-sous-Dampjoux (25),250 à 500,10 à 15
Les Terres-de-Chaux (25),1000 et plus,30 et plus
Vaufrey (25),50 à 150,20 à 25
Corcelles-Ferrières (25),250 à 500,15 à 20
Fontaines-en-Duesmois (21),50 à 150,5 à 10
Fleurey-sur-Ouche (21),0 à 10,0 à 1
Pierrefontaine-les-Varans (25),500 à 1000,15 à 20
Pontailler-sur-Saône (21),150 à 250,15 à 20
Montfaucon (25),250 à 500,15 à 20
Gennes (25),250 à 500,15 à 20
Hyèvre-Magny (25),250 à 500,15 à 20
Fontaine-lès-Dijon (21),150 à 250,10 à 15
Baume-les-Dames (25),250 à 500,15 à 20
Saint-Nicolas-lès-Cîteaux (21),150 à 250,20 à 25
Champvans-les-Moulins (25),250 à 500,15 à 20
Châtillon-le-Duc (25),50 à 150,5 à 10
Bonnencontre (21),250 à 500,15 à 20
Plombières-lès-Dijon (21),250 à 500,20 à 25
Saint-Marc-sur-Seine (21),50 à 150,15 à 20
Désandans (25),500 à 1000,25 à 30
Pirey (25),250 à 500,15 à 20
Quingey (25),250 à 500,15 à 20
Bèze (21),150 à 250,5 à 10
Tillenay (21),50 à 150,5 à 10
Bouclans (25),250 à 500,15 à 20
Dannemarie-sur-Crète (25),250 à 500,15 à 20
Courcelles-lès-Montbéliard (25),500 à 1000,25 à 30
Épenouse (25),250 à 500,15 à 20
Poiseul-la-Ville-et-Laperrière (21),50 à 150,1 à 5
Domprel (25),250 à 500,10 à 15
Germéfontaine (25),500 à 1000,15 à 20
Aibre (25),250 à 500,30 et plus
Lux (21),150 à 250,10 à 15
Brères (25),150 à 250,15 à 20
Pont-les-Moulins (25),250 à 500,15 à 20
Villers-Saint-Martin (25),250 à 500,15 à 20
Quetigny (21),150 à 250,10 à 15
Vergranne (25),250 à 500,10 à 15
Comblanchien (21),250 à 500,10 à 15
Pont (21),50 à 150,1 à 5
Semondans (25),500 à 1000,25 à 30
Is-sur-Tille (21),150 à 250,10 à 15
Bremondans (25),250 à 500,10 à 15
Châtillon-sur-Seine (21),50 à 150,1 à 5
Corcelles-les-Arts (21),250 à 500,30 et plus
Lomont-sur-Crête (25),250 à 500,10 à 15
Roset-Fluans (25),250 à 500,15 à 20
Velars-sur-Ouche (21),250 à 500,10 à 15
Talant (21),250 à 500,20 à 25
Provenchère (25),150 à 250,15 à 20
Vellerot-lès-Vercel (25),250 à 500,5 à 10
Pouilley-les-Vignes (25),50 à 150,5 à 10
Chaux-lès-Passavant (25),250 à 500,10 à 15
Guillon-les-Bains (25),250 à 500,15 à 20
Abbévillers (25),50 à 150,5 à 10
Eysson (25),250 à 500,10 à 15
Adam-lès-Vercel (25),250 à 500,10 à 15
Brochon (21),250 à 500,10 à 15
Osselle-Routelle (25),250 à 500,15 à 20
Athée (21),50 à 150,5 à 10
Billey (21),50 à 150,5 à 10
Orgeux (21),250 à 500,15 à 20
Belleherbe (25),250 à 500,25 à 30
Samson (25),250 à 500,15 à 20
Surmont (25),50 à 150,10 à 15
Chenecey-Buillon (25),150 à 250,10 à 15
Cour-Saint-Maurice (25),50 à 150,15 à 20
Gerland (21),150 à 250,5 à 10
Ancey (21),0 à 10,0 à 1
Silley-Bléfond (25),150 à 250,10 à 15
Moutiers-Saint-Jean (21),50 à 150,5 à 10
Arc-sur-Tille (21),150 à 250,20 à 25
Avanne-Aveney (25),250 à 500,10 à 15
Esnans (25),250 à 500,15 à 20
Chaucenne (25),250 à 500,15 à 20
Pouilley-Français (25),250 à 500,15 à 20
Saint-Vit (25),250 à 500,15 à 20
Oigny (21),50 à 150,30 et plus
Hyèvre-Paroisse (25),250 à 500,10 à 15
Genlis (21),250 à 500,15 à 20
Champagney (25),250 à 500,10 à 15
Montrond-le-Château (25),250 à 500,15 à 20
Broin (21),0 à 10,0 à 1
Grosbois (25),250 à 500,15 à 20
Menesble (21),0 à 10,1 à 5
Beaune (21),250 à 500,20 à 25
Vitteaux (21),1000 et plus,30 et plus
Charmoille (25),50 à 150,5 à 10
Lombard (25),150 à 250,10 à 15
Ladoix-Serrigny (21),50 à 150,5 à 10
Villars-Saint-Georges (25),250 à 500,10 à 15
Meuilley (21),0 à 10,0 à 1
Villers-Rotin (21),50 à 150,5 à 10
Bligny-lès-Beaune (21),50 à 150,5 à 10
Til-Châtel (21),150 à 250,5 à 10
Ferrières-les-Bois (25),250 à 500,10 à 15
Fontenotte (25),250 à 500,15 à 20
Fourbanne (25),250 à 500,15 à 20
Courtetain-et-Salans (25),250 à 500,10 à 15
Goux-sous-Landet (25),250 à 500,20 à 25
Semond (21),50 à 150,15 à 20
Aubigny-en-Plaine (21),10 à 20,0 à 1
Battenans-Varin (25),50 à 150,15 à 20
Mérey-sous-Montrond (25),250 à 500,15 à 20
Billy-lès-Chanceaux (21),1000 et plus,30 et plus
Saône (25),250 à 500,15 à 20
Berthelange (25),250 à 500,15 à 20
Vauclusotte (25),50 à 150,10 à 15
Cessey (25),500 à 1000,30 et plus
Marsannay-la-Côte (21),150 à 250,15 à 20
Pelousey (25),250 à 500,15 à 20
Ouvans (25),250 à 500,10 à 15
Lantenne-Vertière (25),250 à 500,15 à 20
Verne (25),250 à 500,15 à 20
Mercey-le-Grand (25),250 à 500,10 à 15
Nuits-Saint-Georges (21),50 à 150,1 à 5
Le Vernoy (25),150 à 250,15 à 20
Saulon-la-Chapelle (21),500 à 1000,30 et plus
Franey (25),250 à 500,15 à 20
Cusance (25),250 à 500,10 à 15
Voillans (25),250 à 500,10 à 15
Montivernage (25),250 à 500,15 à 20
Villers-Chief (25),250 à 500,10 à 15
Bretonvillers (25),50 à 150,15 à 20
Luxiol (25),250 à 500,15 à 20
Landresse (25),500 à 1000,25 à 30
Villaines-en-Duesmois (21),50 à 150,1 à 5
Argilly (21),150 à 250,5 à 10
Corcondray (25),250 à 500,15 à 20
Bourguignon (25),150 à 250,20 à 25
Bartherans (25),150 à 250,15 à 20
Bretigney-Notre-Dame (25),150 à 250,5 à 10
Abbans-Dessus (25),250 à 500,15 à 20
Flagey-lès-Auxonne (21),50 à 150,5 à 10
Villers-le-Lac (25),500 à 1000,25 à 30
Longevelle-lès-Russey (25),150 à 250,10 à 15
Pouillenay (21),20 à 50,5 à 10
Autechaux (25),250 à 500,15 à 20
Labergement-lès-Auxonne (21),50 à 150,5 à 10
Chemaudin et Vaux (25),150 à 250,5 à 10
Montgesoye (25),0 à 10,0 à 1
Magny-Montarlot (21),50 à 150,5 à 10
Besançon (25),250 à 500,15 à 20
Morre (25),250 à 500,15 à 20
Myon (25),250 à 500,15 à 20
Pessans (25),150 à 250,15 à 20
Chevigney-lès-Vercel (25),1000 et plus,30 et plus
La Vèze (25),250 à 500,15 à 20
Miserey-Salines (25),250 à 500,15 à 20
Dammartin-les-Templiers (25),250 à 500,15 à 20
Rillans (25),250 à 500,15 à 20
Villers-les-Pots (21),50 à 150,1 à 5
Saint-Seine-en-Bâche (21),50 à 150,5 à 10
Villeferry (21),1000 et plus,30 et plus
Longvic (21),250 à 500,15 à 20
Rosureux (25),150 à 250,15 à 20
Saint-Bernard (21),0 à 10,0 à 1
École-Valentin (25),250 à 500,15 à 20
Séchin (25),250 à 500,15 à 20
Montandon (25),50 à 150,15 à 20
Lucenay-le-Duc (21),50 à 150,10 à 15
Valonne (25),50 à 150,5 à 10
Audincourt (25),500 à 1000,20 à 25
Jailly-les-Moulins (21),50 à 150,15 à 20
Tanay (21),20 à 50,1 à 5
Sancey (25),250 à 500,15 à 20
Talmay (21),50 à 150,5 à 10
Gissey-le-Vieil (21),1000 et plus,30 et plus
Flavigny-sur-Ozerain (21),50 à 150,20 à 25
Ougney-Douvot (25),250 à 500,15 à 20
Heuilley-sur-Saône (21),250 à 500,30 et plus
Chassey (21),50 à 150,1 à 5
Champagne-sur-Vingeanne (21),20 à 50,1 à 5
Battenans-les-Mines (25),250 à 500,20 à 25
Magny-Saint-Médard (21),20 à 50,1 à 5
Alise-Sainte-Reine (21),50 à 150,1 à 5
Mosson (21),0 à 10,0 à 1
Aisey-sur-Seine (21),0 à 10,0 à 1
Gissey-sous-Flavigny (21),50 à 150,1 à 5
Saint-Broing-les-Moines (21),0 à 10,0 à 1
Montmançon (21),50 à 150,5 à 10
Glère (25),500 à 1000,30 et plus
Orve (25),0 à 10,0 à 1
Chazot (25),500 à 1000,20 à 25
Voujeaucourt (25),150 à 250,10 à 15
Froidevaux (25),50 à 150,1 à 5
Péseux (25),50 à 150,5 à 10
Chalèze (25),250 à 500,20 à 25
Recey-sur-Ource (21),500 à 1000,30 et plus
Pothières (21),0 à 10,0 à 1
Amagney (25),500 à 1000,25 à 30
Rougemontot (25),250 à 500,15 à 20
Étevaux (21),500 à 1000,30 et plus
Charmes (21),20 à 50,15 à 20
Thenissey (21),50 à 150,15 à 20
Buncey (21),0 à 10,0 à 1
Faverolles-lès-Lucey (21),0 à 10,1 à 5
Vix (21),0 à 10,0 à 1
Sainte-Colombe-sur-Seine (21),50 à 150,10 à 15
Noiron-sur-Bèze (21),20 à 50,1 à 5
Feule (25),50 à 150,5 à 10
Échenans (25),20 à 50,1 à 5
Vyt-lès-Belvoir (25),0 à 10,0 à 1
Montancy (25),500 à 1000,30 et plus
Beaumont-sur-Vingeanne (21),500 à 1000,30 et plus
Blagny-sur-Vingeanne (21),20 à 50,1 à 5
Allondans (25),50 à 150,1 à 5
Gouhelans (25),250 à 500,20 à 25
Laire (25),250 à 500,20 à 25
Darcey (21),20 à 50,1 à 5
Solemont (25),50 à 150,20 à 25
Perrigny-sur-l'Ognon (21),50 à 150,5 à 10
Maxilly-sur-Saône (21),50 à 150,5 à 10
Soulce-Cernay (25),50 à 150,15 à 20
Valoreille (25),500 à 1000,30 et plus
Bussy-le-Grand (21),250 à 500,25 à 30
La Tour-de-Sçay (25),500 à 1000,30 et plus
Noiron-sur-Seine (21),0 à 10,0 à 1
Montliot-et-Courcelles (21),0 à 10,0 à 1
Seurre (21),250 à 500,20 à 25
Vellevans (25),500 à 1000,25 à 30
Corcelle-Mieslot (25),250 à 500,10 à 15
Blarians (25),250 à 500,20 à 25
Servin (25),0 à 10,0 à 1
Breconchaux (25),250 à 500,15 à 20
Liebvillers (25),50 à 150,20 à 25
Selongey (21),250 à 500,10 à 15
Essarois (21),0 à 10,0 à 1
Gomméville (21),0 à 10,0 à 1
Drambon (21),50 à 150,10 à 15
Gurgy-la-Ville (21),0 à 10,0 à 1
Belvoir (25),0 à 10,0 à 1
Rosières-sur-Barbèche (25),50 à 150,5 à 10
Randevillers (25),0 à 10,0 à 1
Soissons-sur-Nacey (21),50 à 150,5 à 10
Villotte-sur-Ource (21),0 à 10,0 à 1
Villers-Patras (21),0 à 10,0 à 1
Hauteroche (21),20 à 50,1 à 5
Tressandans (25),250 à 500,20 à 25
Cléry (21),50 à 150,10 à 15
Corpoyer-la-Chapelle (21),20 à 50,1 à 5
Vanvey (21),0 à 10,0 à 1
Prusly-sur-Ource (21),0 à 10,0 à 1
Septfontaines (25),250 à 500,25 à 30
Montmahoux (25),250 à 500,20 à 25
Arcey (25),250 à 500,20 à 25
Échevronne (21),500 à 1000,15 à 20
Thiébouhans (25),500 à 1000,30 et plus
Gevresin (25),250 à 500,25 à 30
Malpas (25),500 à 1000,20 à 25
Lavans-Vuillafans (25),150 à 250,10 à 15
Épenoy (25),500 à 1000,20 à 25
Les Plains-et-Grands-Essarts (25),500 à 1000,30 et plus
La Chenalotte (25),500 à 1000,20 à 25
Gissey-sur-Ouche (21),0 à 10,0 à 1
Montperreux (25),500 à 1000,30 et plus
Montigny-sur-Aube (21),0 à 10,0 à 1
Chantrans (25),250 à 500,15 à 20
Saraz (25),250 à 500,10 à 15
Longemaison (25),250 à 500,10 à 15
Bonnétage (25),500 à 1000,15 à 20
Plaimbois-du-Miroir (25),250 à 500,15 à 20
Courtefontaine (25),500 à 1000,30 et plus
Le Luhier (25),500 à 1000,15 à 20
Trévillers (25),500 à 1000,30 et plus
Tréclun (21),250 à 500,15 à 20
Oye-et-Pallet (25),500 à 1000,25 à 30
Jours-lès-Baigneux (21),50 à 150,20 à 25
Marcenay (21),0 à 10,1 à 5
Montigny-sur-Armançon (21),10 à 20,0 à 1
Serre-les-Sapins (25),150 à 250,10 à 15
Sainte-Colombe (25),250 à 500,25 à 30
Massingy (21),0 à 10,0 à 1
Aiserey (21),0 à 10,0 à 1
Burnevillers (25),500 à 1000,30 et plus
La Rochepot (21),250 à 500,25 à 30
Rochejean (25),250 à 500,10 à 15
Hauterive-la-Fresse (25),250 à 500,15 à 20
Étormay (21),50 à 150,1 à 5
Binges (21),150 à 250,5 à 10
Montbenoît (25),500 à 1000,20 à 25
Brey-et-Maison-du-Bois (25),500 à 1000,25 à 30
Reculfoz (25),250 à 500,20 à 25
Dompierre-les-Tilleuls (25),500 à 1000,30 et plus
Chamesol (25),500 à 1000,15 à 20
Oisilly (21),20 à 50,15 à 20
Montécheroux (25),50 à 150,10 à 15
Poiseul-lès-Saulx (21),0 à 10,1 à 5
Maîche (25),500 à 1000,20 à 25
Reugney (25),500 à 1000,25 à 30
Spoy (21),0 à 10,0 à 1
Renève (21),20 à 50,1 à 5
Chaume-lès-Baigneux (21),20 à 50,20 à 25
Vannaire (21),1000 et plus,30 et plus
Cernay-l'Église (25),500 à 1000,30 et plus
Vielverge (21),250 à 500,10 à 15
Villy-le-Moutier (21),0 à 10,0 à 1
Trochères (21),50 à 150,1 à 5
Saint-Julien (21),0 à 10,0 à 1
Flagey-Echézeaux (21),150 à 250,5 à 10
Orsans (25),250 à 500,10 à 15
Fourcatier-et-Maison-Neuve (25),250 à 500,20 à 25
Sennecey-lès-Dijon (21),150 à 250,10 à 15
Mâlain (21),0 à 10,0 à 1
Thorey-en-Plaine (21),500 à 1000,30 et plus
Mirebeau-sur-Bèze (21),50 à 150,5 à 10
Grenant-lès-Sombernon (21),250 à 500,20 à 25
Flangebouche (25),500 à 1000,20 à 25
Veuvey-sur-Ouche (21),20 à 50,0 à 1
Bolandoz (25),250 à 500,15 à 20
La Bosse (25),500 à 1000,15 à 20
Chevigny-Saint-Sauveur (21),150 à 250,10 à 15
Pernand-Vergelesses (21),500 à 1000,30 et plus
Savoisy (21),50 à 150,5 à 10
Dung (25),500 à 1000,25 à 30
Magny-lès-Villers (21),0 à 10,0 à 1
Gellin (25),500 à 1000,20 à 25
Étalans (25),250 à 500,10 à 15
Montoillot (21),0 à 10,0 à 1
Frasne (25),500 à 1000,30 et plus
Passonfontaine (25),250 à 500,10 à 15
Cirey-lès-Pontailler (21),50 à 150,10 à 15
Chapelle-d'Huin (25),250 à 500,20 à 25
Savolles (21),50 à 150,5 à 10
Malbuisson (25),500 à 1000,30 et plus
Belleneuve (21),20 à 50,1 à 5
Bugny (25),250 à 500,20 à 25
Chivres (21),0 à 10,0 à 1
Deluz (25),150 à 250,5 à 10
Boux-sous-Salmaise (21),0 à 10,0 à 1
Vennes (25),1000 et plus,30 et plus
Chapelle-des-Bois (25),500 à 1000,20 à 25
Ville-du-Pont (25),250 à 500,15 à 20
Urtière (25),500 à 1000,20 à 25
Villargoix (21),0 à 10,0 à 1
Marey-sur-Tille (21),0 à 10,0 à 1
Le Russey (25),500 à 1000,15 à 20
Fournet-Blancheroche (25),250 à 500,15 à 20
Saint-Victor-sur-Ouche (21),0 à 10,0 à 1
Levier (25),250 à 500,25 à 30
Pluvet (21),0 à 10,0 à 1
Damprichard (25),150 à 250,10 à 15
Cléron (25),250 à 500,10 à 15
Arceau (21),20 à 50,1 à 5
Charquemont (25),250 à 500,15 à 20
Maisons-du-Bois-Lièvremont (25),250 à 500,20 à 25
Grand'Combe-des-Bois (25),500 à 1000,10 à 15
Chaffois (25),250 à 500,25 à 30
Les Villedieu (25),500 à 1000,25 à 30
Saint-Julien-lès-Russey (25),250 à 500,15 à 20
Coulmier-le-Sec (21),0 à 10,0 à 1
Le Bizot (25),250 à 500,10 à 15
Villiers-le-Duc (21),1000 et plus,15 à 20
Saint-Jean-de-Losne (21),50 à 150,15 à 20
Fertans (25),250 à 500,15 à 20
Longecourt-en-Plaine (21),150 à 250,10 à 15
Plaimbois-Vennes (25),500 à 1000,10 à 15
Fessevillers (25),500 à 1000,20 à 25
Amathay-Vésigneux (25),250 à 500,15 à 20
Métabief (25),250 à 500,15 à 20
Neuilly-Crimolois (21),250 à 500,10 à 15
Sainte-Anne (25),250 à 500,20 à 25
Charencey (21),0 à 10,1 à 5
Les Fins (25),500 à 1000,20 à 25
Petite-Chaux (25),1000 et plus,30 et plus
Mouthier-Haute-Pierre (25),0 à 10,1 à 5
La Villeneuve-les-Convers (21),20 à 50,15 à 20
Brognon (21),0 à 10,0 à 1
La Cluse-et-Mijoux (25),500 à 1000,30 et plus
Perrigny-lès-Dijon (21),250 à 500,25 à 30
Arc-sous-Montenot (25),250 à 500,25 à 30
Flagey (25),250 à 500,15 à 20
Bessey-en-Chaume (21),20 à 50,0 à 1
Montbéliardot (25),500 à 1000,20 à 25
Grand'Combe-Châteleu (25),250 à 500,5 à 10
Dommartin (25),250 à 500,25 à 30
Saint-Gorgon-Main (25),250 à 500,30 et plus
Laignes (21),250 à 500,20 à 25
Chenôve (21),250 à 500,15 à 20
Le Mémont (25),500 à 1000,20 à 25
Savigny-le-Sec (21),250 à 500,20 à 25
Échevannes (25),150 à 250,5 à 10
Sarrageois (25),500 à 1000,15 à 20
Beire-le-Châtel (21),150 à 250,15 à 20
Chaux-Neuve (25),500 à 1000,15 à 20
Tichey (21),0 à 10,0 à 1
Raynans (25),1000 et plus,30 et plus
Champdôtre (21),50 à 150,5 à 10
Houtaud (25),250 à 500,25 à 30
Quincey (21),0 à 10,0 à 1
Pontarlier (25),500 à 1000,25 à 30
Bézouotte (21),20 à 50,5 à 10
Les Hôpitaux-Vieux (25),250 à 500,15 à 20
Créancey (21),0 à 10,0 à 1
Cheuge (21),20 à 50,15 à 20
Ferrières-le-Lac (25),500 à 1000,30 et plus
Orchamps-Vennes (25),500 à 1000,25 à 30
Saint-Didier (21),0 à 10,0 à 1
Montflovin (25),250 à 500,15 à 20
Les Combes (25),500 à 1000,25 à 30
Poncey-lès-Athée (21),50 à 150,5 à 10
Bonnevaux (25),500 à 1000,30 et plus
Ampilly-les-Bordes (21),20 à 50,1 à 5
Quincy-le-Vicomte (21),50 à 150,1 à 5
Bulle (25),500 à 1000,30 et plus
Bannans (25),500 à 1000,30 et plus
Déservillers (25),250 à 500,15 à 20
Rémondans-Vaivre (25),20 à 50,1 à 5
Vuillecin (25),500 à 1000,15 à 20
Les Premiers Sapins (25),500 à 1000,20 à 25
La Chaux (25),250 à 500,15 à 20
Couternon (21),50 à 150,5 à 10
Fallerans (25),150 à 250,5 à 10
Gilley (25),250 à 500,15 à 20
L'Étang-Vergy (21),250 à 500,15 à 20
Châteauvieux-les-Fossés (25),50 à 150,5 à 10
Aubonne (25),250 à 500,10 à 15
Lanthes (21),250 à 500,30 et plus
Frambouhans (25),250 à 500,15 à 20
Villers-sous-Chalamont (25),250 à 500,20 à 25
Malans (25),250 à 500,10 à 15
Saint-Point-Lac (25),500 à 1000,25 à 30
Marigny-le-Cahouët (21),50 à 150,1 à 5
Étrochey (21),0 à 10,0 à 1
Sombacour (25),250 à 500,25 à 30
Montagny-lès-Beaune (21),20 à 50,1 à 5
La Planée (25),500 à 1000,25 à 30
Mauvilly (21),0 à 10,0 à 1
Les Grangettes (25),500 à 1000,30 et plus
Verrières-de-Joux (25),250 à 500,25 à 30
Les Fourgs (25),250 à 500,25 à 30
Mancenans-Lizerne (25),500 à 1000,25 à 30
Touillon-et-Loutelet (25),250 à 500,15 à 20
Granges-Narboz (25),500 à 1000,25 à 30
Voulaines-les-Templiers (21),0 à 10,1 à 5
Doubs (25),500 à 1000,30 et plus
Remoray-Boujeons (25),1000 et plus,30 et plus
Longeville (25),250 à 500,10 à 15
Essey (21),0 à 10,0 à 1
Villeneuve-d'Amont (25),1000 et plus,30 et plus
Narbief (25),500 à 1000,15 à 20
La Rivière-Drugeon (25),500 à 1000,30 et plus
Beaunotte (21),0 à 10,1 à 5
Orgeans-Blanchefontaine (25),500 à 1000,25 à 30
La Longeville (25),250 à 500,20 à 25
Durnes (25),500 à 1000,25 à 30
Thulay (25),250 à 500,30 et plus
Baigneux-les-Juifs (21),50 à 150,1 à 5
Goumois (25),500 à 1000,30 et plus
Ruffey-lès-Echirey (21),250 à 500,15 à 20
Goux-les-Usiers (25),250 à 500,25 à 30
Villers-la-Combe (25),250 à 500,15 à 20
Rouvres-en-Plaine (21),0 à 10,0 à 1
Le Bélieu (25),500 à 1000,30 et plus
Villers-la-Faye (21),500 à 1000,10 à 15
Bouverans (25),500 à 1000,30 et plus
Fuans (25),500 à 1000,25 à 30
Amancey (25),250 à 500,10 à 15
Mont-de-Vougney (25),500 à 1000,25 à 30
Les Alliés (25),250 à 500,25 à 30
Dampjoux (25),500 à 1000,30 et plus
Vercel-Villedieu-le-Camp (25),250 à 500,10 à 15
Rondefontaine (25),250 à 500,20 à 25
Noël-Cerneux (25),500 à 1000,15 à 20
Mont-de-Laval (25),500 à 1000,15 à 20
Bressey-sur-Tille (21),150 à 250,25 à 30
Saint-Apollinaire (21),250 à 500,20 à 25
Dijon (21),250 à 500,15 à 20
Indevillers (25),500 à 1000,30 et plus
Flammerans (21),250 à 500,20 à 25
Fain-lès-Montbard (21),50 à 150,1 à 5
Silley-Amancey (25),250 à 500,15 à 20
Étalante (21),0 à 10,0 à 1
Mouthe (25),500 à 1000,20 à 25
Labergement-Sainte-Marie (25),500 à 1000,25 à 30
Braillans (25),250 à 500,15 à 20
Chassagne-Montrachet (21),250 à 500,30 et plus
Charny (21),500 à 1000,30 et plus
Clamerey (21),1000 et plus,30 et plus
Cuiserey (21),500 à 1000,30 et plus
Lizine (25),250 à 500,10 à 15
Évillers (25),250 à 500,15 à 20
Les Hôpitaux-Neufs (25),500 à 1000,25 à 30
Millery (21),20 à 50,1 à 5
Montlebon (25),500 à 1000,20 à 25
Saint-Antoine (25),250 à 500,20 à 25
Les Pontets (25),500 à 1000,25 à 30
Lusigny-sur-Ouche (21),10 à 20,5 à 10
Le Barboux (25),500 à 1000,15 à 20
Saint-Martin-du-Mont (21),0 à 10,0 à 1
Arçon (25),250 à 500,25 à 30
Arc-sous-Cicon (25),250 à 500,30 et plus
Boujailles (25),500 à 1000,30 et plus
Urcy (21),10 à 20,0 à 1
Fénay (21),250 à 500,15 à 20
Les Bréseux (25),500 à 1000,25 à 30
Courvières (25),500 à 1000,25 à 30
Les Fontenelles (25),500 à 1000,25 à 30
Fixin (21),150 à 250,5 à 10
Morteau (25),500 à 1000,20 à 25
Jougne (25),250 à 500,15 à 20
Saint-Jean-de-B½uf (21),0 à 10,5 à 10
Blaisy-Bas (21),150 à 250,15 à 20
Saules (25),150 à 250,5 à 10
Vernierfontaine (25),150 à 250,10 à 15
Marcilly-sur-Tille (21),50 à 150,5 à 10
Bians-les-Usiers (25),500 à 1000,30 et plus
Noiron-sous-Gevrey (21),250 à 500,10 à 15
Véronnes (21),0 à 10,0 à 1
Guyans-Vennes (25),500 à 1000,25 à 30
Belmont (25),250 à 500,10 à 15
Belfays (25),500 à 1000,30 et plus
Consolation-Maisonnettes (25),500 à 1000,25 à 30
Auxonne (21),50 à 150,10 à 15
Laval-le-Prieuré (25),500 à 1000,20 à 25
Fournets-Luisans (25),500 à 1000,20 à 25
Éternoz (25),250 à 500,10 à 15
Reulle-Vergy (21),10 à 20,0 à 1
Asnières-lès-Dijon (21),150 à 250,15 à 20
Le Crouzet (25),250 à 500,15 à 20
Loray (25),250 à 500,20 à 25
Charrey-sur-Seine (21),500 à 1000,30 et plus
Étray (25),250 à 500,15 à 20
Baubigny (21),20 à 50,1 à 5
Voires (25),150 à 250,10 à 15
Jouey (21),0 à 10,0 à 1
Vaux-et-Chantegrue (25),500 à 1000,25 à 30
Châtelblanc (25),500 à 1000,25 à 30
Les Maillys (21),250 à 500,15 à 20
Amondans (25),250 à 500,5 à 10
Nans-sous-Sainte-Anne (25),250 à 500,15 à 20
Vernot (21),0 à 10,1 à 5
Fauverney (21),500 à 1000,20 à 25
Barges (21),0 à 10,0 à 1
Renédale (25),250 à 500,25 à 30
Ampilly-le-Sec (21),500 à 1000,30 et plus
Magny-Lambert (21),50 à 150,20 à 25
Longechaux (25),250 à 500,10 à 15
Franois (25),150 à 250,10 à 15
Allerey (21),0 à 10,0 à 1
Gevrey-Chambertin (21),250 à 500,25 à 30
Guyans-Durnes (25),150 à 250,5 à 10
Les Écorces (25),250 à 500,15 à 20
Grésigny-Sainte-Reine (21),50 à 150,15 à 20
Avoudrey (25),250 à 500,10 à 15
Bouilland (21),50 à 150,1 à 5
Ouhans (25),250 à 500,20 à 25
Valdahon (25),500 à 1000,20 à 25
Chaux (21),0 à 10,0 à 1
Charmauvillers (25),500 à 1000,30 et plus
Longevilles-Mont-d'Or (25),250 à 500,20 à 25
Vuillafans (25),250 à 500,15 à 20
Brémur-et-Vaurois (21),0 à 10,0 à 1
Champeau-en-Morvan (21),0 à 10,0 à 1
Les Gras (25),0 à 10,0 à 1
Crouzet-Migette (25),500 à 1000,30 et plus
Villeneuve-sous-Charigny (21),1000 et plus,30 et plus
Glamondans (25),250 à 500,10 à 15
Ollans (25),250 à 500,20 à 25
Rignosot (25),250 à 500,20 à 25
Mazerolles-le-Salin (25),250 à 500,10 à 15
Châtillon-Guyotte (25),250 à 500,15 à 20
Chevigney-sur-l'Ognon (25),250 à 500,15 à 20
Palantine (25),150 à 250,10 à 15
Le Val (25),150 à 250,15 à 20
Rouhe (25),150 à 250,15 à 20
Rurey (25),250 à 500,10 à 15
Vieilley (25),50 à 150,1 à 5
Flagey-Rigney (25),250 à 500,15 à 20
Noironte (25),250 à 500,15 à 20
Chambain (21),0 à 10,1 à 5
Fourg (25),150 à 250,5 à 10
Exincourt (25),150 à 250,20 à 25
Sochaux (25),500 à 1000,30 et plus
Saint-Hippolyte (25),150 à 250,10 à 15
Montigny-Mornay-Villeneuve-sur-Vingeanne (21),250 à 500,30 et plus
Allenjoie (25),50 à 150,10 à 15
Planay (21),50 à 150,5 à 10
Viévigne (21),20 à 50,1 à 5
La Roche-Vanneau (21),20 à 50,1 à 5
Rancenay (25),150 à 250,10 à 15
Magny-Châtelard (25),250 à 500,15 à 20
Échay (25),250 à 500,15 à 20
Villy-en-Auxois (21),1000 et plus,30 et plus
Pouligney-Lusans (25),250 à 500,15 à 20
Marandeuil (21),50 à 150,1 à 5
Chalezeule (25),250 à 500,15 à 20
Champoux (25),250 à 500,15 à 20
Chay (25),150 à 250,15 à 20
Chassagne-Saint-Denis (25),250 à 500,10 à 15
Buffon (21),50 à 150,5 à 10
Daix (21),250 à 500,15 à 20
Étais (21),50 à 150,1 à 5
La Bretenière (25),250 à 500,20 à 25
Thorey-sous-Charny (21),500 à 1000,30 et plus
Gonsans (25),250 à 500,10 à 15
La Chevillotte (25),150 à 250,10 à 15
Avilley (25),250 à 500,25 à 30
Naisey-les-Granges (25),250 à 500,10 à 15
Vaucluse (25),50 à 150,5 à 10
Rahon (25),0 à 10,0 à 1
Saint-Sauveur (21),50 à 150,10 à 15
La Prétière (25),250 à 500,15 à 20
Côtebrune (25),250 à 500,15 à 20
Ouges (21),250 à 500,25 à 30
Jallerange (25),250 à 500,15 à 20
Fain-lès-Moutiers (21),50 à 150,1 à 5
Abbans-Dessous (25),1000 et plus,25 à 30
Asnières-en-Montagne (21),50 à 150,5 à 10
Arbouans (25),150 à 250,10 à 15
Fontaine-Française (21),250 à 500,30 et plus
Buffard (25),150 à 250,5 à 10
Cademène (25),250 à 500,10 à 15
Tart (21),250 à 500,25 à 30
Ménétreux-le-Pitois (21),50 à 150,1 à 5
Saint-Germain-lès-Senailly (21),50 à 150,1 à 5
Licey-sur-Vingeanne (21),50 à 150,15 à 20
Beneuvre (21),0 à 10,1 à 5
Étupes (25),250 à 500,20 à 25
Mathay (25),150 à 250,10 à 15
Avosnes (21),500 à 1000,20 à 25
Vellerot-lès-Belvoir (25),0 à 10,1 à 5
Crépand (21),50 à 150,5 à 10
Saint-Juan (25),250 à 500,15 à 20
Senailly (21),50 à 150,1 à 5
Tallenay (25),50 à 150,5 à 10
Rigney (25),250 à 500,10 à 15
Huanne-Montmartin (25),250 à 500,25 à 30
Marmagne (21),50 à 150,5 à 10
Crosey-le-Grand (25),20 à 50,1 à 5
Étrappe (25),150 à 250,15 à 20
Étrabonne (25),250 à 500,15 à 20
Gurgy-le-Château (21),0 à 10,0 à 1
Gemeaux (21),150 à 250,10 à 15
Passavant (25),500 à 1000,30 et plus
Vonges (21),50 à 150,5 à 10
Boussières (25),250 à 500,10 à 15
Lougres (25),150 à 250,10 à 15
Arnay-sous-Vitteaux (21),250 à 500,30 et plus
Trépot (25),250 à 500,10 à 15
Saint-Rémy (21),50 à 150,5 à 10
Buxerolles (21),0 à 10,0 à 1
Villers-sous-Montrond (25),250 à 500,10 à 15
Leuglay (21),0 à 10,0 à 1
Lanans (25),1000 et plus,30 et plus
Romain (25),250 à 500,15 à 20
Villaines-les-Prévôtes (21),50 à 150,5 à 10
Les Auxons (25),150 à 250,5 à 10
Losne (21),150 à 250,15 à 20
Sombernon (21),150 à 250,10 à 15
Colombier-Fontaine (25),250 à 500,20 à 25
Saint-Seine-sur-Vingeanne (21),50 à 150,5 à 10
Blussans (25),250 à 500,20 à 25
Recologne (25),250 à 500,15 à 20
Fontain (25),250 à 500,15 à 20
Mussy-la-Fosse (21),50 à 150,1 à 5
Orain (21),50 à 150,5 à 10
Gondenans-les-Moulins (25),250 à 500,25 à 30
Grand-Charmont (25),500 à 1000,25 à 30
Chamesey (25),150 à 250,15 à 20
Blussangeaux (25),250 à 500,15 à 20
Pompierre-sur-Doubs (25),50 à 150,5 à 10
Villers-Buzon (25),250 à 500,15 à 20
Médière (25),250 à 500,15 à 20
Saint-Hilaire (25),250 à 500,15 à 20
Longevelle-sur-Doubs (25),150 à 250,10 à 15
Bretigney (25),250 à 500,5 à 10
Villers-Grélot (25),250 à 500,10 à 15
Velesmes-Essarts (25),250 à 500,15 à 20
Onans (25),250 à 500,15 à 20
Bavans (25),250 à 500,10 à 15
Nogent-lès-Montbard (21),50 à 150,5 à 10
Chevroz (25),50 à 150,5 à 10
Larnod (25),250 à 500,15 à 20
Magny-sur-Tille (21),250 à 500,25 à 30
Touillon (21),50 à 150,5 à 10
Gilly-lès-Cîteaux (21),500 à 1000,30 et plus
Placey (25),250 à 500,5 à 10
Benoisey (21),50 à 150,5 à 10
Germondans (25),250 à 500,20 à 25
Uzelle (25),50 à 150,1 à 5
Vaudrivillers (25),250 à 500,15 à 20
Ornans (25),250 à 500,10 à 15
Busy (25),250 à 500,10 à 15
Vaire (25),250 à 500,15 à 20
Saint-Maurice-Colombier (25),250 à 500,30 et plus
Aïssey (25),250 à 500,10 à 15
Lanthenans (25),250 à 500,20 à 25
Marcellois (21),500 à 1000,30 et plus
Faimbe (25),250 à 500,15 à 20
Roche-lès-Clerval (25),20 à 50,5 à 10
Adam-lès-Passavant (25),250 à 500,15 à 20
Val-de-Roulans (25),150 à 250,15 à 20
Fontenelle (21),50 à 150,25 à 30
Scey-Maisières (25),250 à 500,10 à 15
Geneuille (25),50 à 150,5 à 10
Brazey-en-Plaine (21),250 à 500,20 à 25
Le Moutherot (25),250 à 500,20 à 25
Cussey-sur-l'Ognon (25),50 à 150,5 à 10
Beure (25),250 à 500,15 à 20
Bonnay (25),50 à 150,5 à 10
Quincerot (21),50 à 150,1 à 5
Grandfontaine (25),250 à 500,10 à 15
Rang (25),250 à 500,15 à 20
Marchaux-Chaudefontaine (25),250 à 500,15 à 20
Tarcenay-Foucherans (25),250 à 500,10 à 15
Saint-Léger-Triey (21),50 à 150,10 à 15
Tellecey (21),50 à 150,1 à 5
Montbard (21),50 à 150,5 à 10
Posanges (21),500 à 1000,30 et plus
Byans-sur-Doubs (25),250 à 500,15 à 20
Beutal (25),150 à 250,10 à 15
Audeux (25),250 à 500,15 à 20
Moncley (25),250 à 500,15 à 20
Gondenans-Montby (25),50 à 150,5 à 10
Beurizot (21),500 à 1000,15 à 20
Brain (21),500 à 1000,15 à 20
Pugey (25),250 à 500,10 à 15
Rognon (25),250 à 500,20 à 25
Montbéliard (25),500 à 1000,25 à 30
Soussey-sur-Brionne (21),500 à 1000,30 et plus
Viéthorey (25),50 à 150,5 à 10
Couchey (21),50 à 150,5 à 10
Nans (25),250 à 500,25 à 30
Grignon (21),50 à 150,15 à 20
Courcelles (25),150 à 250,15 à 20
Cendrey (25),250 à 500,15 à 20
Blamont (25),500 à 1000,15 à 20
Villeberny (21),500 à 1000,30 et plus
Dampierre-en-Montagne (21),500 à 1000,30 et plus
Soye (25),150 à 250,15 à 20
Mamirolle (25),250 à 500,15 à 20
Mesmay (25),150 à 250,10 à 15
Athie (21),20 à 50,1 à 5
Saint-Maurice-sur-Vingeanne (21),50 à 150,10 à 15
Vieux-Charmont (25),150 à 250,5 à 10
Moncey (25),50 à 150,5 à 10
Fesches-le-Châtel (25),500 à 1000,15 à 20
Venarey-les-Laumes (21),250 à 500,15 à 20
Marsannay-le-Bois (21),250 à 500,25 à 30
Champ-d'Oiseau (21),50 à 150,1 à 5
Ruffey-le-Château (25),250 à 500,15 à 20
Seloncourt (25),250 à 500,15 à 20
Crosey-le-Petit (25),50 à 150,5 à 10
Appenans (25),1000 et plus,30 et plus
Longeault-Pluvault (21),150 à 250,10 à 15
Massingy-lès-Vitteaux (21),500 à 1000,30 et plus
Nolay (21),1000 et plus,25 à 30
Grandfontaine-sur-Creuse (25),500 à 1000,10 à 15
Boussey (21),250 à 500,10 à 15
Malbrans (25),250 à 500,10 à 15
Trouvans (25),250 à 500,20 à 25
Arrans (21),50 à 150,5 à 10
Jancigny (21),1000 et plus,30 et plus
Devecey (25),150 à 250,5 à 10
Terrefondrée (21),0 à 10,0 à 1
Chaugey (21),0 à 10,0 à 1
Bure-les-Templiers (21),0 à 10,0 à 1
Rougemont (25),500 à 1000,25 à 30
Sauvagney (25),250 à 500,15 à 20
Bethoncourt (25),250 à 500,15 à 20
Sourans (25),250 à 500,5 à 10
Thise (25),250 à 500,15 à 20
Semur-en-Auxois (21),150 à 250,15 à 20
Longchamp (21),0 à 10,1 à 5
Lavernay (25),250 à 500,15 à 20
Nommay (25),250 à 500,15 à 20
Bournois (25),250 à 500,15 à 20
Bligny-sur-Ouche (21),250 à 500,10 à 15
Pont-de-Roide-Vermondans (25),150 à 250,10 à 15
Montenois (25),250 à 500,25 à 30
La Sommette (25),250 à 500,15 à 20
Remilly-sur-Tille (21),150 à 250,15 à 20
Burgille (25),250 à 500,15 à 20
Vesvres (21),500 à 1000,30 et plus
Frôlois (21),20 à 50,1 à 5
Roulans (25),250 à 500,15 à 20
Paroy (25),150 à 250,15 à 20
Bonnal (25),500 à 1000,25 à 30
Nancray (25),250 à 500,10 à 15
Étouvans (25),250 à 500,15 à 20
L'Isle-sur-le-Doubs (25),250 à 500,20 à 25
Arc-et-Senans (25),500 à 1000,30 et plus
Osse (25),250 à 500,15 à 20
Laviron (25),250 à 500,15 à 20
Gémonval (25),250 à 500,15 à 20
Montmoyen (21),0 à 10,0 à 1
Fresnes (21),50 à 150,5 à 10
Courcelles-lès-Montbard (21),50 à 150,5 à 10
Vennans (25),250 à 500,10 à 15
Chaume-et-Courchamp (21),50 à 150,5 à 10
Montussaint (25),250 à 500,25 à 30
Ahuy (21),150 à 250,5 à 10
Geney (25),250 à 500,20 à 25
L'Hôpital-Saint-Lieffroy (25),50 à 150,5 à 10
Liesle (25),150 à 250,10 à 15
Châtillon-sur-Lison (25),50 à 150,5 à 10
Pouilly-en-Auxois (21),150 à 250,10 à 15
Valleroy (25),50 à 150,5 à 10
Anteuil (25),50 à 150,5 à 10
Tournans (25),250 à 500,25 à 30
Venise (25),50 à 150,5 à 10
Viserny (21),50 à 150,5 à 10
Novillars (25),250 à 500,15 à 20
Hyémondans (25),250 à 500,10 à 15
Saint-Georges-Armont (25),50 à 150,10 à 15
Courchapon (25),250 à 500,10 à 15
Cubry (25),250 à 500,25 à 30
L'Écouvotte (25),250 à 500,15 à 20
Le Gratteris (25),150 à 250,10 à 15
Cuse-et-Adrisans (25),250 à 500,15 à 20
Dampierre-et-Flée (21),20 à 50,10 à 15
Vernois-lès-Belvoir (25),0 à 10,0 à 1
Le Puy (25),150 à 250,15 à 20
Sainte-Colombe-en-Auxois (21),500 à 1000,20 à 25
Mésandans (25),250 à 500,25 à 30
Lucey (21),0 à 10,0 à 1
Marvelise (25),150 à 250,15 à 20
Uncey-le-Franc (21),500 à 1000,30 et plus
Mérey-Vieilley (25),50 à 150,5 à 10
Valentigney (25),500 à 1000,25 à 30
Fontenelle-Montby (25),20 à 50,5 à 10
Mondon (25),250 à 500,25 à 30
Rennes-sur-Loue (25),150 à 250,10 à 15
Épeugney (25),250 à 500,10 à 15
Pouilly-sur-Vingeanne (21),50 à 150,20 à 25
Vorges-les-Pins (25),250 à 500,10 à 15
Seigny (21),50 à 150,5 à 10
Cussey-sur-Lison (25),1000 et plus,30 et plus
La Grange (25),150 à 250,15 à 20
Montferrand-le-Château (25),250 à 500,10 à 15
Tallans (25),250 à 500,25 à 30
By (25),150 à 250,15 à 20
Torpes (25),250 à 500,10 à 15
Montagney-Servigney (25),250 à 500,15 à 20
Thoraise (25),250 à 500,5 à 10
L'Hôpital-du-Grosbois (25),250 à 500,10 à 15
Roche-lez-Beaupré (25),250 à 500,25 à 30
Marcilly-et-Dracy (21),1000 et plus,30 et plus
Charnay (25),150 à 250,15 à 20
Montigny-Montfort (21),50 à 150,5 à 10
Abbenans (25),250 à 500,20 à 25
Saint-Thibault (21),1000 et plus,30 et plus
Saffres (21),1000 et plus,30 et plus
Pays-de-Clerval (25),150 à 250,15 à 20
Cubrial (25),250 à 500,15 à 20
Mancenans (25),500 à 1000,25 à 30
Lavans-Quingey (25),150 à 250,15 à 20
Bourberain (21),50 à 150,10 à 15
Chouzelot (25),250 à 500,15 à 20
Rougemont (21),50 à 150,5 à 10
Velogny (21),500 à 1000,30 et plus
Branne (25),50 à 150,10 à 15
Émagny (25),250 à 500,15 à 20
Thurey-le-Mont (25),50 à 150,5 à 10
Sainte-Suzanne (25),150 à 250,10 à 15
Accolans (25),250 à 500,10 à 15
Puessans (25),250 à 500,5 à 10
Fontaine-lès-Clerval (25),50 à 150,5 à 10
Orret (21),50 à 150,15 à 20
Champlive (25),250 à 500,15 à 20
Clénay (21),50 à 150,5 à 10
Varois-et-Chaignot (21),50 à 150,5 à 10
Ronchaux (25),150 à 250,15 à 20
Éringes (21),50 à 150,5 à 10
Palise (25),500 à 1000,30 et plus
